{"cameraMode":{"drawMode":0,"name":"Shaded","section":"Shading Mode"},"sceneLighting":false,"audioPlay":false,"sceneViewState":{"showFog":false,"showMaterialUpdate":false,"showSkybox":false,"showFlares":false,"showImageEffects":false,"showParticleSystems":false,"showVisualEffectGraphs":true,"m_FxEnabled":true},"in2DMode":false,"pivot":{"x":-4.039999961853027,"y":-0.10975950956344605,"z":3.8499999046325685},"rotation":{"x":-0.27885597944259646,"y":0.008353106677532196,"z":-0.0024230866692960264,"w":-0.960307776927948},"size":1.9131921529769898,"orthographic":false}