{"cameraMode":{"drawMode":0,"name":"Shaded","section":"Shading Mode"},"sceneLighting":true,"audioPlay":false,"sceneViewState":{"showFog":false,"showMaterialUpdate":false,"showSkybox":false,"showFlares":false,"showImageEffects":false,"showParticleSystems":false,"showVisualEffectGraphs":true,"m_FxEnabled":true},"in2DMode":false,"pivot":{"x":0.6814828515052795,"y":3.851274251937866,"z":-2.5019662380218508},"rotation":{"x":-0.27885597944259646,"y":0.008353106677532196,"z":-0.0024230866692960264,"w":-0.960307776927948},"size":2.6825408935546877,"orthographic":false}